[{"address":"drt1ch725af405fykn4vwcqt6hkvanshmcddzxh3rtkf75mcdutjc60qvf5qjv","balance":"1000000000000000000"},{"address":"drt1wh9c0sjr2xn8hzf02lwwcr4jk2s84tat9ud2kaq6zr7xzpvl9l5q6pec6c","balance":"1000000000000000000"},{"address":"drt1sp0aaszznqnuvyvkmxkv2ultcvlf637c093sfc26dszks60jdqsqekpsrz","balance":"1000000000000000000"},{"address":"drt10ntkzq95zjgeh2n22fx002lxrx68z2eaqmsgmf40mxffrpydw4tsa448a9","balance":"1000000000000000000"},{"address":"drt1yw97h68jdtmag85amdsr8z9hghmxf5u949sc5dd874az7k7h27vqh07v2l","balance":"1000000000000000000"},{"address":"drt1eudnm27lcq8h9wptsqu9spz7ekrjlgp8k9xr3cv9anv0qpuxy7nsfafzhr","balance":"1000000000000000000"},{"address":"drt1jnzkd0enae5up8meer4yf2a0z9nq22zrjx699nzjpnaa56ezktcqp3r774","balance":"1000000000000000000"},{"address":"drt1e4lqqg0urttr30hme30q6rcg0x95nqhe5lfy05vy5rjh90maqyzspwr3ce","balance":"1000000000000000000"},{"address":"drt1czgky3rcqggezg6zan5k2c9sfnwlh644jc26t6vud256ack9xaaq3thww9","balance":"1000000000000000000"},{"address":"drt1z4cf4kw72ajkkdahdprp2e42fzldnkljngtvzxfxn26myyxw7nfqglv039","balance":"1000000000000000000"},{"address":"drt172q5fyrrq20n46mleal08ejm4faxdhgx9rhywkn7mlpvwc6qg2cqquhuev","balance":"1000000000000000000"},{"address":"drt10srp988sprhgcv9hka03desthnargm5awxfld0ya2gpsndjq4ucsjsqwvn","balance":"1000000000000000000"},{"address":"drt1z4p43mvzjmsjq7s3r4r4g29mshqmfpv77834gpk4rzdr325s6vdqhr75zr","balance":"1000000000000000000"},{"address":"drt1c579aq6kjkhar6cyx8qm9k9wettxjcf3jncduwe0pllqx0rlczfst5x045","balance":"1000000000000000000"},{"address":"drt1g4076q3wnz2t7cxgsyqnd6cka37q8ammkdhk39g0t2vf3fdt5nds94pqhc","balance":"1000000000000000000"},{"address":"drt1hrzara6lf6zajzkxltdmahtaxkt42wg6es9mgc4f47suf2h7vj0sc05n9u","balance":"1000000000000000000"},{"address":"drt1kwsnme03nxm5p3ae0ps0rn788wlyc0vcxckl6nupafxr0d72y02sq2v0pd","balance":"1000000000000000000"},{"address":"drt1t59wkg90um4egs2ajf7pset7zmpwj0u53uqz3jfc8mmtllmqtgks0evyma","balance":"1000000000000000000"},{"address":"drt1x8q7efzk524l7mrg5ttnlcg79mck726p7xms72jvtp4usy9e5ynqzwf7xr","balance":"1000000000000000000"}, {"address":"drt1dgszeyl2p7qwr6pjfxauwkl4mjragjnwznht6ulcuwqkr5yzm2asywv37k","balance":"1000000000000000000"}, {"address":"drt172q5fyrrq20n46mleal08ejm4faxdhgx9rhywkn7mlpvwc6qg2cqquhuev","balance":"1000000000000000000"},{"address":"drt1sqgrvjpu06mm3pjk8dm588cj20naanenxrjcq7yx4drt32yv5u2szetzl8","balance":"1000000000000000000"},{"address":"drt1gv9gechryew55xad6d288yp8s9aket3wrx3p39s866cgv6janjds8nn3fg","balance":"1000000000000000000"},{"address":"drt1rs4n264gcmej0e90rfxhqqch4jg8rpalam80q5mf70y6uxdck99qtacger","balance":"1000000000000000000"},{"address":"drt1g9xr8wca0f0jjkwpuw774laj692s46mvg88lxq4zz2ttr508gz4q99w2fd","balance":"1000000000000000000"},{"address":"drt12c38amhgtlet3p7ju93njrtepegk35fhfvvjz99cn8xanuppvf5sucjuad","balance":"1000000000000000000"},{"address":"drt1a2xjh8df55kjvuzlkqzt3lhgt95keuljn8uku059j8enfvzdepzszzt9yk","balance":"1000000000000000000"},{"address":"drt1ns86736q4a564cpnw54e5qhgnu4cjmtrhwmu9jyswplnvr049lyqxd2pkt","balance":"1000000000000000000"},{"address":"drt14dh4k0nn4yqee4wu68cnt2zq2x43dz3ppufj2ccv6qj6lte5nq2q5fhugq","balance":"1000000000000000000"},{"address":"drt1a75d77z8zev8v72vnr598408fycsl2ljzat5ujqs8x5cj7wxppgswepv4j","balance":"1000000000000000000"},{"address":"drt1mvde2c6dx38khffyfa6ep682n9tc7mkx2mafq52c3kjyetvhfgss5vkdem","balance":"1000000000000000000"}, {"address":"drt1q2r4e255ccrjlvza05dshvlshqk4ry4cutdjcxhu6rny9t507qtqrk2mlw","balance":"1000000000000000000"}, {"address":"drt1d55umknlxm4zmn3dmlxd8pj0xmq52cry7vvutvg3vksvy4fmy09qltpt48","balance":"1000000000000000000"}, {"address":"drt14wxx9p9kld06w66n6lcxcchv976n7crzma8w7s3tkaqcme8hr7fqstq2wk","balance":"2000000000000000000"},{"address":"drt1dgcg5v2rmdelmgxce22r522pcr678pt98pet7np7q8vrqjd43lwqu26fqj","balance":"3000000000000000000"},{"address":"drt19nweygep2an93ude0agw23xlqzlm899xnwes5z9kwfv5rw9jyrmq8cp7mm","balance":"4000000000000000000"},{"address":"drt17znmk8j22z45dfv8c0jeqr9g74x9lq5a2c02v6zu89m565cwue9sthzkt5","balance":"5000000000000000000"},{"address":"drt1f2z58x9g8d98fe0s5t47zgjhzw8ctkuzun2sm5p82jh98dr36vlqf2dlha","balance":"6000000000000000000"},{"address":"drt173c9hjw4d4lg07me6hw77s90ypw4lkdrfes9zt0l7jsc4kv796csyg07vk","balance":"7000000000000000000"},{"address":"drt1399t06t8gmjuvnkz9ylf5fy56gx3xwwp7mvacmnppl5kk48mkvcqt55ea2","balance":"8000000000000000000"},{"address":"drt1276m409r9srqt40hfpjj2xxwz7guzudakar7xzvd7n0qptspydsqphhlmr","balance":"9000000000000000000"},{"address":"drt1jtlcvugqyt773lvcda84jgr86ngadfvzs22dzujvzyk9zrd8zc2q6r7nck","balance":"10000000000000000000"},{"address":"drt1cwhzs27jvvfjzzh4k0ufqrt9clm8d200s9qwlu2mg5s8s8wajk0snzckrq","balance":"11000000000000000000"},{"address":"drt15uejk73mrx489rqxh2qmtj5ykt6k4ux7938z8plyjsr6em6v9pzqtrehpq","balance":"12000000000000000000"},{"address":"drt1gxlnfqrmnzyds8rmthpnymmfezy5l0vzr2lywq8kdrfv5tukkx7stfd4u7","balance":"13000000000000000000"}]
