{
  "id": "mainnet",
  "name": "Mainnet",
  "rewaLabel": "REWA",
  "decimals": "4",
  "rewaDenomination": "18",
  "gasPerDataByte": "1500",
  "apiTimeout": "4000",
  "walletConnectDeepLink": "https://durian.page.link/?apn=com.dharitri.durian.wallet&isi=1519405832&ibi=com.dharitri.durian.wallet&link=https://durian.com/",
  "walletConnectBridgeAddresses": [
    "https://bridge.walletconnect.org"
  ],
  "walletAddress": "https://wallet.dharitri.org",
  "apiAddress": "https://api.dharitri.org",
  "explorerAddress": "https://explorer.dharitri.org",
  "chainId": "1"
}