{
  "id": "devnet-old",
  "name": "Devnet-old",
  "rewaLabel": "xREWA",
  "decimals": "4",
  "rewaDenomination": "18",
  "gasPerDataByte": "1500",
  "apiTimeout": "4000",
  "walletConnectDeepLink": "https://durian.page.link/?apn=com.dharitri.durian.wallet&isi=1519405832&ibi=com.dharitri.durian.wallet&link=https://durian.com/",
  "walletConnectBridgeAddresses": [
    "https://bridge.walletconnect.org"
  ],
  "walletAddress": "https://devnet-old-wallet.dharitri.org",
  "apiAddress": "https://devnet-old-api.dharitri.org",
  "explorerAddress": "http://devnet-old-explorer.dharitri.org",
  "chainId": "D"
}