{
  "$schema": "https://json.schemastore.org/nest-cli",
  "collection": "@nestjs/schematics",
  "sourceRoot": "apps/mvx-event-processor/src",
  "compilerOptions": {
    "webpack": false,
    "plugins": [
      "@nestjs/swagger"
    ],
    "tsConfigPath": "apps/drt-event-processor/tsconfig.app.json",
    "assets": [
      {
        "include": "../libs/common/src/assets/axelar-gmp-api.schema.yaml",
        "outDir": "dist"
      }
    ]
  },
  "monorepo": true,
  "root": "apps/mvx-event-processor",
  "projects": {
    "axelar-event-processor": {
      "type": "application",
      "root": "apps/axelar-event-processor",
      "entryFile": "main",
      "sourceRoot": "apps/axelar-event-processor/src",
      "compilerOptions": {
        "tsConfigPath": "apps/axelar-event-processor/tsconfig.app.json"
      }
    },
    "mvx-event-processor": {
      "type": "application",
      "root": "apps/mvx-event-processor",
      "entryFile": "main",
      "sourceRoot": "apps/mvx-event-processor/src",
      "compilerOptions": {
        "tsConfigPath": "apps/drt-event-processor/tsconfig.app.json"
      }
    },
    "common": {
      "type": "library",
      "root": "libs/common",
      "entryFile": "index",
      "sourceRoot": "libs/common/src",
      "compilerOptions": {
        "tsConfigPath": "libs/common/tsconfig.lib.json",
        "assets": ["assets/**"]
      }
    }
  }
}